benleung001.png,0
benleung002.png,0
benleung003.png,0
benleung004.png,1
benleung005.png,1
benleung006.png,1
benleung007.png,2
benleung008.png,2
benleung009.png,2
benleung010.png,3
benleung011.png,3
benleung012.png,3
benleung013.png,4
benleung014.png,4
benleung015.png,4
benleung016.png,5
benleung017.png,5
benleung018.png,5
benleung019.png,6
benleung020.png,6
benleung021.png,6
benleung022.png,7
benleung023.png,7
benleung024.png,7
benleung025.png,8
benleung026.png,8
benleung027.png,8
benleung028.png,9
benleung029.png,9
benleung030.png,9
