cheukkiu001.png,0
cheukkiu002.png,0
cheukkiu003.png,0
cheukkiu004.png,1
cheukkiu005.png,1
cheukkiu006.png,1
cheukkiu007.png,2
cheukkiu008.png,2
cheukkiu009.png,2
cheukkiu010.png,3
cheukkiu011.png,3
cheukkiu012.png,3
cheukkiu013.png,4
cheukkiu014.png,4
cheukkiu015.png,4
cheukkiu016.png,5
cheukkiu017.png,5
cheukkiu018.png,5
cheukkiu019.png,6
cheukkiu020.png,6
cheukkiu021.png,6
cheukkiu022.png,7
cheukkiu023.png,7
cheukkiu024.png,7
cheukkiu025.png,8
cheukkiu026.png,8
cheukkiu027.png,8
cheukkiu028.png,9
cheukkiu029.png,9
cheukkiu030.png,9